timestamp,latency_ms,packet_loss,bandwidth_mbps,jitter_ms,error_rate,anomaly_score,predicted_anomaly
2026-09-26 18:50:44.837277,21.0,0.0,0.0,0.0,0.0,0.27960232905408294,0
2026-09-26 18:50:45.928147,22.0,0.0,0.002,2.0,0.0,0.23831107218554148,0
2026-09-26 18:50:47.026036,21.5,0.0,0.002,1.0,0.0,0.28860313272625454,0
2026-09-26 18:50:48.127444,32.0,0.0,0.032,18.0,0.0,0.06306076908158553,0
2026-09-26 18:50:49.224782,31.0,0.0,0.002,4.0,0.0,0.10428947541827238,0
2026-09-26 18:50:50.305153,21.0,0.0,0.003,0.0,0.0,0.2840576691532126,0
2026-09-26 18:50:51.387038,21.0,0.0,17.019,0.0,0.0,-0.022560490957747148,1
2026-09-26 18:50:52.481231,21.5,0.0,0.045,1.0,0.0,0.277917832480356,0
2026-09-26 18:50:53.579091,26.0,0.0,0.004,10.0,0.0,0.1440243423946631,0
2026-09-26 18:50:54.681863,28.0,0.0,0.003,14.0,0.0,0.12237531035035532,0
2026-09-26 18:50:55.784536,31.0,0.0,0.002,20.0,0.0,0.0872401761637176,0
2026-09-26 18:50:56.874886,23.0,0.0,4.251,2.0,0.0,0.0983067182420514,0
2026-09-26 18:50:57.970905,21.0,0.0,8.441,0.0,0.0,0.10049282069453658,0
2026-09-26 18:50:59.086816,40.0,0.0,0.003,14.0,0.0,0.0011873942609340604,0
2026-09-26 18:51:00.183381,25.0,0.0,0.008,8.0,0.0,0.13911111369579587,0
2026-09-26 19:08:55.558936,21.0,0.0,0.775,0.0,0.0,0.27673802017576155,0
2026-09-26 19:09:00.556297,21.0,0.0,3.317,0.0,0.0,0.24939393071861093,0
2026-09-26 19:09:03.969840,21.5,0.0,2.275,1.0,0.0,0.2835556146250734,0
2026-09-26 19:09:08.977073,21.0,0.0,2.092,0.0,0.0,0.2845201304546179,0
2026-09-26 19:09:13.989242,21.5,0.0,3.126,1.0,0.0,0.2535240584951165,0
2026-09-26 19:09:21.204294,21.0,0.0,2.242,0.0,0.0,0.28320162911722674,0
2026-09-26 19:09:26.206667,22.0,0.0,2.923,2.0,0.0,0.21666734173293856,0
2026-09-26 19:09:31.210983,21.5,0.0,2.801,1.0,0.0,0.2718967918675519,0
2026-09-26 19:09:36.313506,22.0,0.0,2.278,2.0,0.0,0.23566903343298684,0
2026-09-26 19:09:41.310699,21.0,0.0,3.049,0.0,0.0,0.2659782595361932,0
2026-09-26 19:09:46.303260,21.5,0.0,1.343,1.0,0.0,0.295296778029555,0
2026-09-26 19:09:51.314472,22.0,0.0,1.657,2.0,0.0,0.2365798559947883,0
2026-09-26 19:09:56.305531,21.0,0.0,1.319,0.0,0.0,0.283637246563877,0
2026-09-26 19:10:01.322250,21.5,0.0,0.012,1.0,0.0,0.2919912640323496,0
2026-09-26 19:10:06.308508,21.5,0.0,1.568,1.0,0.0,0.29490150923466585,0
2026-09-26 19:10:11.304496,21.5,0.0,1.501,1.0,0.0,0.2964239775651739,0
2026-09-26 19:10:16.336557,21.0,0.0,1.125,0.0,0.0,0.28081007213698295,0
2026-09-26 19:10:21.311297,34.0,0.0,1.307,26.0,0.0,-0.06294883132151752,1
2026-09-26 19:10:26.312356,21.5,0.0,1.377,1.0,0.0,0.29735195322725133,0
2026-09-26 19:10:31.343068,21.0,0.0,0.032,0.0,0.0,0.2798505116122109,0
2026-09-26 19:11:22.326940,21.5,0.0,0.017,1.0,0.0,0.2907315003212437,0
2026-09-26 19:12:22.305009,22.0,0.0,0.036,0.0,0.0,0.2381038398117546,0
2026-09-26 19:13:22.331610,22.0,0.0,0.029,0.0,0.0,0.24123295942452844,0
2026-09-26 19:14:22.305341,21.5,0.0,2.597,1.0,0.0,0.2781071765187951,0
2026-09-26 19:15:22.314631,21.0,0.0,2.555,0.0,0.0,0.27520606278363513,0
